{
    "loss": [
        1.5513691309606656,
        1.0400455234921537,
        0.7918056801427156,
        0.6144361715414561,
        0.49711841554380953,
        0.44150380877545103,
        0.40741215186426416,
        0.37628149849479087,
        0.36228813059278764,
        0.3396644078020472,
        0.3252125025901478,
        0.2985262477013748,
        0.2843462354503572,
        0.26691833121003583,
        0.26138387783430517,
        0.2411903259344399,
        0.22746402450138703,
        0.21347844618139789,
        0.20376705493254121,
        0.18891087875817902
    ],
    "loss_supervised": [
        1.5378967195283622,
        0.9679359984584153,
        0.6733794668107294,
        0.44637725525535643,
        0.2926950232795207,
        0.19952686464239378,
        0.14948565549275372,
        0.10685971123257332,
        0.08526565635747829,
        0.0648287963445,
        0.05338829324409744,
        0.03273337315636127,
        0.027564696071749495,
        0.016929615012202248,
        0.01929463463659431,
        0.010222452534321746,
        0.007119269569926701,
        0.00544008089059389,
        0.004558960384443367,
        0.002159496464528843
    ],
    "loss_unsupervised": [
        0.01347241085856865,
        0.0721095283570321,
        0.11842621415416943,
        0.1680589163879631,
        0.20442339224973693,
        0.24197694411850534,
        0.25792649626964703,
        0.2694217874959577,
        0.27702247389242984,
        0.27483561148983426,
        0.27182420913595706,
        0.2657928741245996,
        0.25678153889020905,
        0.24998871627030894,
        0.2420892431982793,
        0.230967873823829,
        0.22034475466352887,
        0.20803836491541006,
        0.19920809437462594,
        0.18675138193066232
    ],
    "confidence": [
        0.017007011139412498,
        0.15310233696800424,
        0.2985927170375362,
        0.4132603427278809,
        0.5059247928438708,
        0.5846819446305744,
        0.6323940018191934,
        0.6749878241680562,
        0.7041669901227579,
        0.7299194667721167,
        0.7456578171113506,
        0.7692827845457941,
        0.7827671917621046,
        0.8000052645802498,
        0.807381801540032,
        0.8175659509142861,
        0.8285086835967377,
        0.8363604232436046,
        0.8428737480426207,
        0.8517848802730441
    ],
    "test_accuracy": [
        0.1003,
        0.1,
        0.1789,
        0.3324,
        0.4305,
        0.6951,
        0.6931,
        0.756,
        0.7715,
        0.7895,
        0.8053,
        0.7829,
        0.8156,
        0.8101,
        0.8248,
        0.8233,
        0.8348,
        0.8285,
        0.8599,
        0.8635
    ]
}