{
    "loss": [
        0.49901820337981917,
        0.2650848060147837,
        0.16578281560214236,
        0.14690385617723223,
        0.13600675312045496,
        0.13254317610699218,
        0.12927381886402145,
        0.12155914539471269,
        0.11685094425047282,
        0.1165712963193073,
        0.11116182623663917,
        0.10849512473942013,
        0.10478658093779813,
        0.10353263427532511,
        0.09867808129638433,
        0.09387658087507589,
        0.09063915564183844,
        0.08767730729596224,
        0.08383602080721175,
        0.0808229467656929
    ],
    "loss_supervised": [
        0.20485015517039074,
        0.05166946873532652,
        0.005507593639890729,
        0.003403937866266915,
        0.0028436245443117514,
        0.002368892691123392,
        0.0023991376502578987,
        0.001927532359587758,
        0.0014593896719503618,
        0.0015343611230917986,
        0.001472106106945148,
        0.0009173920663414492,
        0.0010128835785394585,
        0.0013497599070575461,
        0.0006901719365117742,
        0.0004844219317305942,
        0.0003974530421118061,
        0.00033014884267856814,
        0.0003698602052395472,
        0.00016248643456862055
    ],
    "loss_unsupervised": [
        0.29416804975426203,
        0.21341533731174422,
        0.16027522196236532,
        0.14349991857307032,
        0.133163128826709,
        0.13017428343300708,
        0.12687468135845847,
        0.11963161306630354,
        0.11539155453647254,
        0.11503693518898217,
        0.10968972009140998,
        0.10757773261866532,
        0.10377369718480622,
        0.10218287436873652,
        0.09798790937202284,
        0.09339215900399722,
        0.09024170278280508,
        0.08734715840546414,
        0.08346616056223866,
        0.08066046049134457
    ],
    "confidence": [
        0.4205148075911893,
        0.5314200514985714,
        0.6228725149994716,
        0.6613813416333869,
        0.6815839803311974,
        0.6961452269461006,
        0.7069528092397377,
        0.7164655753877014,
        0.7319205490639433,
        0.7432818080997095,
        0.7560381545918062,
        0.7613438535481691,
        0.7687160280765966,
        0.776171037228778,
        0.7867431971244514,
        0.7985186238074675,
        0.8064575523603708,
        0.8166373448912054,
        0.820835693157278,
        0.8330688821151853
    ],
    "test_accuracy": [
        0.1082,
        0.1635,
        0.4613,
        0.6874,
        0.627,
        0.7199,
        0.7927,
        0.794,
        0.8073,
        0.8082,
        0.8186,
        0.8328,
        0.8367,
        0.8335,
        0.8539,
        0.8638,
        0.853,
        0.8605,
        0.8734,
        0.8664
    ]
}