{
    "loss": [
        0.2874919721216429,
        0.23416095587163,
        0.1988797469966812,
        0.17687302910781,
        0.10890713586559286,
        0.16885109034046764,
        0.25779151334427297,
        0.24497804038765025,
        0.020053337584784003,
        0.00033684067423678243,
        0.00024443323323453114,
        0.00021601987492658736,
        0.00020486873924596694,
        0.0001975138220302597,
        0.6316364834056003,
        0.5821496866992675,
        0.5534753442625515,
        0.522001537901815,
        0.49797627911902964,
        0.4812398226058576
    ],
    "loss_supervised": [
        0.06358332562166424,
        0.01361482471901354,
        0.0033224414064374486,
        0.004589123478396573,
        0.0004339082686470874,
        0.008851511400777667,
        0.007076481936461931,
        0.0017400597425833997,
        0.0006811772164354579,
        0.00011596698689686491,
        8.552575703646426e-05,
        7.637138833871404e-05,
        7.332861108722e-05,
        7.161938140853863e-05,
        0.05422833154630524,
        0.0014745975141963186,
        0.0013882348029028435,
        0.0005625974427658775,
        0.000550490898469036,
        0.0003572946969718771
    ],
    "loss_unsupervised": [
        0.22390864619228523,
        0.2205461310732062,
        0.19555730525462423,
        0.17228390592936194,
        0.10847322767222067,
        0.15999957926032948,
        0.25071503097569803,
        0.24323798093610094,
        0.01937216035162237,
        0.0002208736874393935,
        0.00015890747636149172,
        0.00013964848690761755,
        0.00013154012776794843,
        0.0001258944405009288,
        0.5774081515273792,
        0.5806750894989818,
        0.5520871099433862,
        0.5214389392349403,
        0.497425788838882,
        0.4808825287036598
    ],
    "confidence": [
        0.28208706618625,
        0.35287041224364657,
        0.3721444436305319,
        0.40839932786184363,
        0.6455034807440825,
        0.5790318329381989,
        0.373042531820829,
        0.42077638637420023,
        0.8616028135293163,
        0.9980425441171974,
        0.9983564364956692,
        0.9984610686078668,
        0.9981253736186773,
        0.9977286494104192,
        0.5360151251334173,
        0.603023010538891,
        0.5953587381518446,
        0.6032889479538426,
        0.5897827402804978,
        0.5909772858722135
    ],
    "test_accuracy": [
        0.1,
        0.127,
        0.1491,
        0.1352,
        0.1431,
        0.1558,
        0.1736,
        0.1715,
        0.1582,
        0.1297,
        0.1168,
        0.1121,
        0.1085,
        0.1064,
        0.1334,
        0.2469,
        0.2559,
        0.2469,
        0.2499,
        0.2577
    ]
}