{
    "loss": [
        1.1420956086949445,
        0.5338400616892613,
        0.3752654450654518,
        0.3081949063052889,
        0.2989776468311902,
        0.27671453659422696,
        0.2767976024770178,
        0.26203958413680084,
        0.2556485796230845,
        0.2492187312018359,
        0.22273064723412972,
        0.2036886989226332,
        0.20810374003485776,
        0.20064092309621628,
        0.18370158717152663,
        0.18002509881625883,
        0.17081037351454142,
        0.15621089861087967,
        0.14500647749810014,
        0.13778096632449888
    ],
    "loss_supervised": [
        1.030028568871785,
        0.33250998109724605,
        0.16392394354988937,
        0.09205824829314224,
        0.08145542382180793,
        0.05382209521326331,
        0.053236302915593114,
        0.0332333939838918,
        0.036246661888753806,
        0.03257937357753349,
        0.022473497142328824,
        0.009172854048848933,
        0.015120880619036825,
        0.011807105032062282,
        0.006026015536907181,
        0.004742071875369902,
        0.0047368111578336425,
        0.00255174370909117,
        0.0013831165336206652,
        0.0010340861381035182
    ],
    "loss_unsupervised": [
        0.11206703728385037,
        0.20133008087577764,
        0.2113415021885885,
        0.21613665820041206,
        0.21752222333452664,
        0.22289244100102223,
        0.2235613003722392,
        0.22880618985800538,
        0.21940191766771022,
        0.21663935779361054,
        0.20025715017982293,
        0.1945158449234441,
        0.19298285934200976,
        0.18883381814521272,
        0.17767557136539835,
        0.17528302702703513,
        0.16607356238819193,
        0.15365915451548062,
        0.1436233606946189,
        0.13674688042374328
    ],
    "confidence": [
        0.23122733981244892,
        0.5088501220452599,
        0.6063930229283869,
        0.6677507978165522,
        0.6904427987756208,
        0.7375793801620603,
        0.7561297069769353,
        0.7924848626134917,
        0.7963257199153304,
        0.8035845424747095,
        0.8138951245928183,
        0.8496486517833546,
        0.847800156683661,
        0.8591570572461933,
        0.8734305653488263,
        0.8919983336236328,
        0.8984113850165159,
        0.9038042753236368,
        0.9130118660395965,
        0.9177072127349675
    ],
    "test_accuracy": [
        0.1,
        0.1213,
        0.4369,
        0.8085,
        0.7732,
        0.8129,
        0.8251,
        0.8308,
        0.8565,
        0.8346,
        0.8777,
        0.8764,
        0.8767,
        0.8777,
        0.8933,
        0.8892,
        0.905,
        0.9095,
        0.9128,
        0.9143
    ]
}