{
    "loss": [
        0.2934373686584877,
        0.1606637768636574,
        0.15670469100950868,
        0.005328980789840898,
        0.00035279467283544363,
        0.0002773431801017523,
        0.00023965624021116128,
        0.00021387853311694016,
        0.00019986693624218788,
        0.00023467661588938427,
        0.0001693004463163561,
        0.13600410156516318,
        0.0005009289715758314,
        0.0002975981185784349,
        0.0002459739513938075,
        0.0001969518847317886,
        0.00018613563673852696,
        0.00017586360633004006,
        0.00017002082785211314,
        0.00016706200065641497
    ],
    "loss_supervised": [
        0.05131158704770655,
        0.009413884466724198,
        0.012847291988660636,
        0.000528791910952009,
        0.0001407129934278828,
        0.00011161247810775876,
        0.00010025717153183678,
        8.982382984612514e-05,
        8.645122307626707e-05,
        8.096944463886757e-05,
        7.621170437488445e-05,
        0.0579019700006711,
        0.0001898070803747487,
        0.00011375307349226205,
        9.39347080901598e-05,
        7.601232216813969e-05,
        7.106188562744364e-05,
        6.665294983321246e-05,
        6.449205844205608e-05,
        6.286038777147951e-05
    ],
    "loss_unsupervised": [
        0.24212578240258154,
        0.15124989218020346,
        0.14385739902354544,
        0.004800188860826893,
        0.0002120816787964941,
        0.0001657307019087284,
        0.0001393990687859059,
        0.0001240547030079142,
        0.00011341571340039991,
        0.00015370716994311806,
        9.308874203384221e-05,
        0.07810213106600372,
        0.0003111218902631663,
        0.00018384504448931693,
        0.0001520392432468043,
        0.00012093956262049232,
        0.00011507375094765848,
        0.00010921065623392678,
        0.00010552876923952681,
        0.00010420161284230289
    ],
    "confidence": [
        0.35887801529315766,
        0.41223582430393435,
        0.43534199069836177,
        0.9527588271303102,
        0.9929766323184595,
        0.9940098689403385,
        0.9935259489575401,
        0.9920436694519594,
        0.989523790194653,
        0.9854780337773263,
        0.9812404519179836,
        0.6188136765777017,
        0.9934213145170361,
        0.9966212945291772,
        0.9974234665278345,
        0.9980774120194837,
        0.9978594298008829,
        0.9981558844447136,
        0.998186404351145,
        0.9983433494344354
    ],
    "test_accuracy": [
        0.1,
        0.1754,
        0.1016,
        0.1022,
        0.104,
        0.1153,
        0.1063,
        0.1016,
        0.1015,
        0.1009,
        0.101,
        0.1409,
        0.1571,
        0.1384,
        0.1275,
        0.1194,
        0.1135,
        0.1088,
        0.1071,
        0.1051
    ]
}