{
    "loss": [
        0.5786803591763601,
        0.30226392578333616,
        0.37792821519542485,
        0.4067294620908797,
        0.41331736659049056,
        0.38226087245857343,
        0.37516878757742234,
        0.35746395410387777,
        0.3320439456147142,
        0.32277029161923565,
        0.30950175842735916,
        0.29551296154386364,
        0.2885519997216761,
        0.2785932427213993,
        0.26734136138111353,
        0.253023192868568,
        0.23938086102134548,
        0.2267741757677868,
        0.21353364078095183,
        0.20297049306100234    ],
    "loss_supervised": [
        0.34621595147109474,
        0.027784522650563304,
        0.022470864382853506,
        0.017362101908247496,
        0.13243034168863232,
        0.016250933981780236,
        0.010759503729786957,
        0.00842790005518168,
        0.004179795631586103,
        0.008476987287295401,
        0.004566459538068557,
        0.005179332567450956,
        0.003670696908002924,
        0.0038560311237318956,
        0.0019956976055368614,
        0.001236729750630161,
        0.001676147714121612,
        0.001409330437198264,
        0.0008054854772439057,
        0.0006189182527691628
    ],
    "loss_unsupervised": [
        0.2324644076419986,
        0.27447940298588946,
        0.3554573505825829,
        0.38936736003961414,
        0.2808870244422792,
        0.36600993855972774,
        0.3644092838221695,
        0.3490360539581161,
        0.3278641500219237,
        0.3142933044291567,
        0.3049352985981386,
        0.29033362853806466,
        0.2848813026503194,
        0.27473721143906005,
        0.26534566350164823,
        0.25178646290441975,
        0.2377047131594736,
        0.22536484568263404,
        0.21272815548582003,
        0.2023515747714555
    ],
    "confidence": [
        0.2330060791618962,
        0.3511963047203608,
        0.4415719375247136,
        0.49129815329797566,
        0.3864135919379805,
        0.5325099658803083,
        0.5690395072451793,
        0.5838143732398748,
        0.6036682389676571,
        0.6035723243840039,
        0.6191711671417579,
        0.6214338293066248,
        0.6218610749347135,
        0.6285269857617095,
        0.6394958759192377,
        0.6470075623365119,
        0.6472735006827861,
        0.651554680778645,
        0.6623404662823305,
        0.6669660599436611
    ],
    "test_accuracy": [
        0.1018,
        0.1744,
        0.2717,
        0.3711,
        0.2512,
        0.4379,
        0.4505,
        0.4779,
        0.5057,
        0.5655,
        0.5549,
        0.5853,
        0.6021,
        0.6032,
        0.6129,
        0.6161,
        0.6304,
        0.6333,
        0.6379,
        0.6516
    ]
}